Domain Code,Domain,Area Code (M49),Area,Element Code,Element,Item Code (FBS),Item,Year Code,Year,Unit,Value,Flag,Flag Description
"FBS","Food Balances (2010-)","004","Afghanistan","511","Total Population - Both sexes","S2501","Population","2018","2018","1000 No","36686.78","X","Figure from international organizations"
"FBS","Food Balances (2010-)","004","Afghanistan","511","Total Population - Both sexes","S2501","Population","2019","2019","1000 No","37769.5","X","Figure from international organizations"
"FBS","Food Balances (2010-)","008","Albania","511","Total Population - Both sexes","S2501","Population","2018","2018","1000 No","2877.01","X","Figure from international organizations"
"FBS","Food Balances (2010-)","008","Albania","511","Total Population - Both sexes","S2501","Population","2019","2019","1000 No","2873.88","X","Figure from international organizations"
"FBS","Food Balances (2010-)","012","Algeria","511","Total Population - Both sexes","S2501","Population","2018","2018","1000 No","41927.01","X","Figure from international organizations"
"FBS","Food Balances (2010-)","012","Algeria","511","Total Population - Both sexes","S2501","Population","2019","2019","1000 No","42705.37","X","Figure from international organizations"
"FBS","Food Balances (2010-)","024","Angola","511","Total Population - Both sexes","S2501","Population","2018","2018","1000 No","31273.53","X","Figure from international organizations"
"FBS","Food Balances (2010-)","024","Angola","511","Total Population - Both sexes","S2501","Population","2019","2019","1000 No","32353.59","X","Figure from international organizations"
"FBS","Food Balances (2010-)","028","Antigua and Barbuda","511","Total Population - Both sexes","S2501","Population","2018","2018","1000 No","91.63","X","Figure from international organizations"
"FBS","Food Balances (2010-)","028","Antigua and Barbuda","511","Total Population - Both sexes","S2501","Population","2019","2019","1000 No","92.12","X","Figure from international organizations"
"FBS","Food Balances (2010-)","032","Argentina","511","Total Population - Both sexes","S2501","Population","2018","2018","1000 No","44413.6","X","Figure from international organizations"
"FBS","Food Balances (2010-)","032","Argentina","511","Total Population - Both sexes","S2501","Population","2019","2019","1000 No","44745.52","X","Figure from international organizations"
"FBS","Food Balances (2010-)","051","Armenia","511","Total Population - Both sexes","S2501","Population","2018","2018","1000 No","2836.56","X","Figure from international organizations"
"FBS","Food Balances (2010-)","051","Armenia","511","Total Population - Both sexes","S2501","Population","2019","2019","1000 No","2820.6","X","Figure from international organizations"
"FBS","Food Balances (2010-)","036","Australia","511","Total Population - Both sexes","S2501","Population","2018","2018","1000 No","24979.23","X","Figure from international organizations"
"FBS","Food Balances (2010-)","036","Australia","511","Total Population - Both sexes","S2501","Population","2019","2019","1000 No","25357.17","X","Figure from international organizations"
"FBS","Food Balances (2010-)","040","Austria","511","Total Population - Both sexes","S2501","Population","2018","2018","1000 No","8840.51","X","Figure from international organizations"
"FBS","Food Balances (2010-)","040","Austria","511","Total Population - Both sexes","S2501","Population","2019","2019","1000 No","8879.94","X","Figure from international organizations"
"FBS","Food Balances (2010-)","031","Azerbaijan","511","Total Population - Both sexes","S2501","Population","2018","2018","1000 No","10152.52","X","Figure from international organizations"
"FBS","Food Balances (2010-)","031","Azerbaijan","511","Total Population - Both sexes","S2501","Population","2019","2019","1000 No","10232.75","X","Figure from international organizations"
"FBS","Food Balances (2010-)","044","Bahamas","511","Total Population - Both sexes","S2501","Population","2018","2018","1000 No","401.91","X","Figure from international organizations"
"FBS","Food Balances (2010-)","044","Bahamas","511","Total Population - Both sexes","S2501","Population","2019","2019","1000 No","404.56","X","Figure from international organizations"
"FBS","Food Balances (2010-)","048","Bahrain","511","Total Population - Both sexes","S2501","Population","2019","2019","1000 No","1494.19","X","Figure from international organizations"
"FBS","Food Balances (2010-)","050","Bangladesh","511","Total Population - Both sexes","S2501","Population","2018","2018","1000 No","163683.96","X","Figure from international organizations"
"FBS","Food Balances (2010-)","050","Bangladesh","511","Total Population - Both sexes","S2501","Population","2019","2019","1000 No","165516.22","X","Figure from international organizations"
"FBS","Food Balances (2010-)","052","Barbados","511","Total Population - Both sexes","S2501","Population","2018","2018","1000 No","279.69","X","Figure from international organizations"
"FBS","Food Balances (2010-)","052","Barbados","511","Total Population - Both sexes","S2501","Population","2019","2019","1000 No","280.18","X","Figure from international organizations"
"FBS","Food Balances (2010-)","112","Belarus","511","Total Population - Both sexes","S2501","Population","2018","2018","1000 No","9695.57","X","Figure from international organizations"
"FBS","Food Balances (2010-)","112","Belarus","511","Total Population - Both sexes","S2501","Population","2019","2019","1000 No","9673.97","X","Figure from international organizations"
"FBS","Food Balances (2010-)","056","Belgium","511","Total Population - Both sexes","S2501","Population","2018","2018","1000 No","11448.6","X","Figure from international organizations"
"FBS","Food Balances (2010-)","056","Belgium","511","Total Population - Both sexes","S2501","Population","2019","2019","1000 No","11510.57","X","Figure from international organizations"
"FBS","Food Balances (2010-)","084","Belize","511","Total Population - Both sexes","S2501","Population","2018","2018","1000 No","382.07","X","Figure from international organizations"
"FBS","Food Balances (2010-)","084","Belize","511","Total Population - Both sexes","S2501","Population","2019","2019","1000 No","389.1","X","Figure from international organizations"
"FBS","Food Balances (2010-)","204","Benin","511","Total Population - Both sexes","S2501","Population","2018","2018","1000 No","11940.68","X","Figure from international organizations"
"FBS","Food Balances (2010-)","204","Benin","511","Total Population - Both sexes","S2501","Population","2019","2019","1000 No","12290.44","X","Figure from international organizations"
"FBS","Food Balances (2010-)","064","Bhutan","511","Total Population - Both sexes","S2501","Population","2019","2019","1000 No","767.46","X","Figure from international organizations"
"FBS","Food Balances (2010-)","068","Bolivia (Plurinational State of)","511","Total Population - Both sexes","S2501","Population","2018","2018","1000 No","11606.91","X","Figure from international organizations"
"FBS","Food Balances (2010-)","068","Bolivia (Plurinational State of)","511","Total Population - Both sexes","S2501","Population","2019","2019","1000 No","11777.32","X","Figure from international organizations"
"FBS","Food Balances (2010-)","070","Bosnia and Herzegovina","511","Total Population - Both sexes","S2501","Population","2018","2018","1000 No","3400.13","X","Figure from international organizations"
"FBS","Food Balances (2010-)","070","Bosnia and Herzegovina","511","Total Population - Both sexes","S2501","Population","2019","2019","1000 No","3360.71","X","Figure from international organizations"
"FBS","Food Balances (2010-)","072","Botswana","511","Total Population - Both sexes","S2501","Population","2018","2018","1000 No","2451.41","X","Figure from international organizations"
"FBS","Food Balances (2010-)","072","Botswana","511","Total Population - Both sexes","S2501","Population","2019","2019","1000 No","2499.7","X","Figure from international organizations"
"FBS","Food Balances (2010-)","076","Brazil","511","Total Population - Both sexes","S2501","Population","2018","2018","1000 No","210166.59","X","Figure from international organizations"
"FBS","Food Balances (2010-)","076","Brazil","511","Total Population - Both sexes","S2501","Population","2019","2019","1000 No","211782.88","X","Figure from international organizations"
"FBS","Food Balances (2010-)","100","Bulgaria","511","Total Population - Both sexes","S2501","Population","2018","2018","1000 No","7117.43","X","Figure from international organizations"
"FBS","Food Balances (2010-)","100","Bulgaria","511","Total Population - Both sexes","S2501","Population","2019","2019","1000 No","7052.53","X","Figure from international organizations"
"FBS","Food Balances (2010-)","854","Burkina Faso","511","Total Population - Both sexes","S2501","Population","2018","2018","1000 No","20392.72","X","Figure from international organizations"
"FBS","Food Balances (2010-)","854","Burkina Faso","511","Total Population - Both sexes","S2501","Population","2019","2019","1000 No","20951.64","X","Figure from international organizations"
"FBS","Food Balances (2010-)","108","Burundi","511","Total Population - Both sexes","S2501","Population","2018","2018","1000 No","11493.47","X","Figure from international organizations"
"FBS","Food Balances (2010-)","108","Burundi","511","Total Population - Both sexes","S2501","Population","2019","2019","1000 No","11874.84","X","Figure from international organizations"
"FBS","Food Balances (2010-)","132","Cabo Verde","511","Total Population - Both sexes","S2501","Population","2018","2018","1000 No","571.2","X","Figure from international organizations"
"FBS","Food Balances (2010-)","132","Cabo Verde","511","Total Population - Both sexes","S2501","Population","2019","2019","1000 No","577.03","X","Figure from international organizations"
"FBS","Food Balances (2010-)","116","Cambodia","511","Total Population - Both sexes","S2501","Population","2018","2018","1000 No","16025.24","X","Figure from international organizations"
"FBS","Food Balances (2010-)","116","Cambodia","511","Total Population - Both sexes","S2501","Population","2019","2019","1000 No","16207.75","X","Figure from international organizations"
"FBS","Food Balances (2010-)","120","Cameroon","511","Total Population - Both sexes","S2501","Population","2018","2018","1000 No","25076.75","X","Figure from international organizations"
"FBS","Food Balances (2010-)","120","Cameroon","511","Total Population - Both sexes","S2501","Population","2019","2019","1000 No","25782.34","X","Figure from international organizations"
"FBS","Food Balances (2010-)","124","Canada","511","Total Population - Both sexes","S2501","Population","2018","2018","1000 No","37035.25","X","Figure from international organizations"
"FBS","Food Balances (2010-)","124","Canada","511","Total Population - Both sexes","S2501","Population","2019","2019","1000 No","37522.58","X","Figure from international organizations"
"FBS","Food Balances (2010-)","140","Central African Republic","511","Total Population - Both sexes","S2501","Population","2018","2018","1000 No","5094.78","X","Figure from international organizations"
"FBS","Food Balances (2010-)","140","Central African Republic","511","Total Population - Both sexes","S2501","Population","2019","2019","1000 No","5209.32","X","Figure from international organizations"
"FBS","Food Balances (2010-)","148","Chad","511","Total Population - Both sexes","S2501","Population","2018","2018","1000 No","15604.21","X","Figure from international organizations"
"FBS","Food Balances (2010-)","148","Chad","511","Total Population - Both sexes","S2501","Population","2019","2019","1000 No","16126.87","X","Figure from international organizations"
"FBS","Food Balances (2010-)","152","Chile","511","Total Population - Both sexes","S2501","Population","2018","2018","1000 No","18701.45","X","Figure from international organizations"
"FBS","Food Balances (2010-)","152","Chile","511","Total Population - Both sexes","S2501","Population","2019","2019","1000 No","19039.49","X","Figure from international organizations"
"FBS","Food Balances (2010-)","344","China, Hong Kong SAR","511","Total Population - Both sexes","S2501","Population","2018","2018","1000 No","7481.56","X","Figure from international organizations"
"FBS","Food Balances (2010-)","344","China, Hong Kong SAR","511","Total Population - Both sexes","S2501","Population","2019","2019","1000 No","7496.12","X","Figure from international organizations"
"FBS","Food Balances (2010-)","446","China, Macao SAR","511","Total Population - Both sexes","S2501","Population","2018","2018","1000 No","650.99","X","Figure from international organizations"
"FBS","Food Balances (2010-)","446","China, Macao SAR","511","Total Population - Both sexes","S2501","Population","2019","2019","1000 No","663.65","X","Figure from international organizations"
"FBS","Food Balances (2010-)","156","China, mainland","511","Total Population - Both sexes","S2501","Population","2018","2018","1000 No","1417069.47","X","Figure from international organizations"
"FBS","Food Balances (2010-)","156","China, mainland","511","Total Population - Both sexes","S2501","Population","2019","2019","1000 No","1421864.03","X","Figure from international organizations"
"FBS","Food Balances (2010-)","158","China, Taiwan Province of","511","Total Population - Both sexes","S2501","Population","2018","2018","1000 No","23726.19","X","Figure from international organizations"
"FBS","Food Balances (2010-)","158","China, Taiwan Province of","511","Total Population - Both sexes","S2501","Population","2019","2019","1000 No","23777.74","X","Figure from international organizations"
"FBS","Food Balances (2010-)","170","Colombia","511","Total Population - Both sexes","S2501","Population","2018","2018","1000 No","49276.96","X","Figure from international organizations"
"FBS","Food Balances (2010-)","170","Colombia","511","Total Population - Both sexes","S2501","Population","2019","2019","1000 No","50187.41","X","Figure from international organizations"
"FBS","Food Balances (2010-)","174","Comoros","511","Total Population - Both sexes","S2501","Population","2018","2018","1000 No","776.31","X","Figure from international organizations"
"FBS","Food Balances (2010-)","174","Comoros","511","Total Population - Both sexes","S2501","Population","2019","2019","1000 No","790.99","X","Figure from international organizations"
"FBS","Food Balances (2010-)","178","Congo","511","Total Population - Both sexes","S2501","Population","2018","2018","1000 No","5441.06","X","Figure from international organizations"
"FBS","Food Balances (2010-)","178","Congo","511","Total Population - Both sexes","S2501","Population","2019","2019","1000 No","5570.73","X","Figure from international organizations"
"FBS","Food Balances (2010-)","188","Costa Rica","511","Total Population - Both sexes","S2501","Population","2018","2018","1000 No","5040.73","X","Figure from international organizations"
"FBS","Food Balances (2010-)","188","Costa Rica","511","Total Population - Both sexes","S2501","Population","2019","2019","1000 No","5084.53","X","Figure from international organizations"
"FBS","Food Balances (2010-)","384","Côte d'Ivoire","511","Total Population - Both sexes","S2501","Population","2018","2018","1000 No","25493.99","X","Figure from international organizations"
"FBS","Food Balances (2010-)","384","Côte d'Ivoire","511","Total Population - Both sexes","S2501","Population","2019","2019","1000 No","26147.55","X","Figure from international organizations"
"FBS","Food Balances (2010-)","191","Croatia","511","Total Population - Both sexes","S2501","Population","2018","2018","1000 No","4160.48","X","Figure from international organizations"
"FBS","Food Balances (2010-)","191","Croatia","511","Total Population - Both sexes","S2501","Population","2019","2019","1000 No","4129.75","X","Figure from international organizations"
"FBS","Food Balances (2010-)","192","Cuba","511","Total Population - Both sexes","S2501","Population","2018","2018","1000 No","11328.24","X","Figure from international organizations"
"FBS","Food Balances (2010-)","192","Cuba","511","Total Population - Both sexes","S2501","Population","2019","2019","1000 No","11316.7","X","Figure from international organizations"
"FBS","Food Balances (2010-)","196","Cyprus","511","Total Population - Both sexes","S2501","Population","2018","2018","1000 No","1218.83","X","Figure from international organizations"
"FBS","Food Balances (2010-)","196","Cyprus","511","Total Population - Both sexes","S2501","Population","2019","2019","1000 No","1228.84","X","Figure from international organizations"
"FBS","Food Balances (2010-)","203","Czechia","511","Total Population - Both sexes","S2501","Population","2018","2018","1000 No","10534.59","X","Figure from international organizations"
"FBS","Food Balances (2010-)","203","Czechia","511","Total Population - Both sexes","S2501","Population","2019","2019","1000 No","10536.87","X","Figure from international organizations"
"FBS","Food Balances (2010-)","408","Democratic People's Republic of Korea","511","Total Population - Both sexes","S2501","Population","2018","2018","1000 No","25638.15","X","Figure from international organizations"
"FBS","Food Balances (2010-)","408","Democratic People's Republic of Korea","511","Total Population - Both sexes","S2501","Population","2019","2019","1000 No","25755.44","X","Figure from international organizations"
"FBS","Food Balances (2010-)","180","Democratic Republic of the Congo","511","Total Population - Both sexes","S2501","Population","2018","2018","1000 No","87087.35","X","Figure from international organizations"
"FBS","Food Balances (2010-)","180","Democratic Republic of the Congo","511","Total Population - Both sexes","S2501","Population","2019","2019","1000 No","89906.89","X","Figure from international organizations"
"FBS","Food Balances (2010-)","208","Denmark","511","Total Population - Both sexes","S2501","Population","2018","2018","1000 No","5766.69","X","Figure from international organizations"
"FBS","Food Balances (2010-)","208","Denmark","511","Total Population - Both sexes","S2501","Population","2019","2019","1000 No","5795.88","X","Figure from international organizations"
"FBS","Food Balances (2010-)","262","Djibouti","511","Total Population - Both sexes","S2501","Population","2018","2018","1000 No","1057.2","X","Figure from international organizations"
"FBS","Food Balances (2010-)","262","Djibouti","511","Total Population - Both sexes","S2501","Population","2019","2019","1000 No","1073.99","X","Figure from international organizations"
"FBS","Food Balances (2010-)","212","Dominica","511","Total Population - Both sexes","S2501","Population","2018","2018","1000 No","70.82","X","Figure from international organizations"
"FBS","Food Balances (2010-)","212","Dominica","511","Total Population - Both sexes","S2501","Population","2019","2019","1000 No","71.43","X","Figure from international organizations"
"FBS","Food Balances (2010-)","214","Dominican Republic","511","Total Population - Both sexes","S2501","Population","2018","2018","1000 No","10765.53","X","Figure from international organizations"
"FBS","Food Balances (2010-)","214","Dominican Republic","511","Total Population - Both sexes","S2501","Population","2019","2019","1000 No","10881.88","X","Figure from international organizations"
"FBS","Food Balances (2010-)","218","Ecuador","511","Total Population - Both sexes","S2501","Population","2018","2018","1000 No","17015.67","X","Figure from international organizations"
"FBS","Food Balances (2010-)","218","Ecuador","511","Total Population - Both sexes","S2501","Population","2019","2019","1000 No","17343.74","X","Figure from international organizations"
"FBS","Food Balances (2010-)","818","Egypt","511","Total Population - Both sexes","S2501","Population","2018","2018","1000 No","103740.77","X","Figure from international organizations"
"FBS","Food Balances (2010-)","818","Egypt","511","Total Population - Both sexes","S2501","Population","2019","2019","1000 No","105618.67","X","Figure from international organizations"
"FBS","Food Balances (2010-)","222","El Salvador","511","Total Population - Both sexes","S2501","Population","2018","2018","1000 No","6276.34","X","Figure from international organizations"
"FBS","Food Balances (2010-)","222","El Salvador","511","Total Population - Both sexes","S2501","Population","2019","2019","1000 No","6280.22","X","Figure from international organizations"
"FBS","Food Balances (2010-)","233","Estonia","511","Total Population - Both sexes","S2501","Population","2018","2018","1000 No","1322.15","X","Figure from international organizations"
"FBS","Food Balances (2010-)","233","Estonia","511","Total Population - Both sexes","S2501","Population","2019","2019","1000 No","1327.04","X","Figure from international organizations"
"FBS","Food Balances (2010-)","748","Eswatini","511","Total Population - Both sexes","S2501","Population","2018","2018","1000 No","1160.43","X","Figure from international organizations"
"FBS","Food Balances (2010-)","748","Eswatini","511","Total Population - Both sexes","S2501","Population","2019","2019","1000 No","1169.61","X","Figure from international organizations"
"FBS","Food Balances (2010-)","231","Ethiopia","511","Total Population - Both sexes","S2501","Population","2018","2018","1000 No","111129.44","X","Figure from international organizations"
"FBS","Food Balances (2010-)","231","Ethiopia","511","Total Population - Both sexes","S2501","Population","2019","2019","1000 No","114120.59","X","Figure from international organizations"
"FBS","Food Balances (2010-)","242","Fiji","511","Total Population - Both sexes","S2501","Population","2018","2018","1000 No","919","X","Figure from international organizations"
"FBS","Food Balances (2010-)","242","Fiji","511","Total Population - Both sexes","S2501","Population","2019","2019","1000 No","918.47","X","Figure from international organizations"
"FBS","Food Balances (2010-)","246","Finland","511","Total Population - Both sexes","S2501","Population","2018","2018","1000 No","5515.46","X","Figure from international organizations"
"FBS","Food Balances (2010-)","246","Finland","511","Total Population - Both sexes","S2501","Population","2019","2019","1000 No","5521.54","X","Figure from international organizations"
"FBS","Food Balances (2010-)","250","France","511","Total Population - Both sexes","S2501","Population","2018","2018","1000 No","64277.81","X","Figure from international organizations"
"FBS","Food Balances (2010-)","250","France","511","Total Population - Both sexes","S2501","Population","2019","2019","1000 No","64399.76","X","Figure from international organizations"
"FBS","Food Balances (2010-)","258","French Polynesia","511","Total Population - Both sexes","S2501","Population","2018","2018","1000 No","297.61","X","Figure from international organizations"
"FBS","Food Balances (2010-)","258","French Polynesia","511","Total Population - Both sexes","S2501","Population","2019","2019","1000 No","299.72","X","Figure from international organizations"
"FBS","Food Balances (2010-)","266","Gabon","511","Total Population - Both sexes","S2501","Population","2018","2018","1000 No","2192.01","X","Figure from international organizations"
"FBS","Food Balances (2010-)","266","Gabon","511","Total Population - Both sexes","S2501","Population","2019","2019","1000 No","2242.79","X","Figure from international organizations"
"FBS","Food Balances (2010-)","270","Gambia","511","Total Population - Both sexes","S2501","Population","2018","2018","1000 No","2444.92","X","Figure from international organizations"
"FBS","Food Balances (2010-)","270","Gambia","511","Total Population - Both sexes","S2501","Population","2019","2019","1000 No","2508.88","X","Figure from international organizations"
"FBS","Food Balances (2010-)","268","Georgia","511","Total Population - Both sexes","S2501","Population","2018","2018","1000 No","3772.32","X","Figure from international organizations"
"FBS","Food Balances (2010-)","268","Georgia","511","Total Population - Both sexes","S2501","Population","2019","2019","1000 No","3770.81","X","Figure from international organizations"
"FBS","Food Balances (2010-)","276","Germany","511","Total Population - Both sexes","S2501","Population","2018","2018","1000 No","82896.7","X","Figure from international organizations"
"FBS","Food Balances (2010-)","276","Germany","511","Total Population - Both sexes","S2501","Population","2019","2019","1000 No","83148.14","X","Figure from international organizations"
"FBS","Food Balances (2010-)","288","Ghana","511","Total Population - Both sexes","S2501","Population","2018","2018","1000 No","30870.64","X","Figure from international organizations"
"FBS","Food Balances (2010-)","288","Ghana","511","Total Population - Both sexes","S2501","Population","2019","2019","1000 No","31522.29","X","Figure from international organizations"
"FBS","Food Balances (2010-)","300","Greece","511","Total Population - Both sexes","S2501","Population","2018","2018","1000 No","10633.27","X","Figure from international organizations"
"FBS","Food Balances (2010-)","300","Greece","511","Total Population - Both sexes","S2501","Population","2019","2019","1000 No","10574.02","X","Figure from international organizations"
"FBS","Food Balances (2010-)","308","Grenada","511","Total Population - Both sexes","S2501","Population","2018","2018","1000 No","121.84","X","Figure from international organizations"
"FBS","Food Balances (2010-)","308","Grenada","511","Total Population - Both sexes","S2501","Population","2019","2019","1000 No","122.72","X","Figure from international organizations"
"FBS","Food Balances (2010-)","320","Guatemala","511","Total Population - Both sexes","S2501","Population","2018","2018","1000 No","16850.18","X","Figure from international organizations"
"FBS","Food Balances (2010-)","320","Guatemala","511","Total Population - Both sexes","S2501","Population","2019","2019","1000 No","17106.34","X","Figure from international organizations"
"FBS","Food Balances (2010-)","324","Guinea","511","Total Population - Both sexes","S2501","Population","2018","2018","1000 No","12554.86","X","Figure from international organizations"
"FBS","Food Balances (2010-)","324","Guinea","511","Total Population - Both sexes","S2501","Population","2019","2019","1000 No","12877.54","X","Figure from international organizations"
"FBS","Food Balances (2010-)","624","Guinea-Bissau","511","Total Population - Both sexes","S2501","Population","2018","2018","1000 No","1924.95","X","Figure from international organizations"
"FBS","Food Balances (2010-)","624","Guinea-Bissau","511","Total Population - Both sexes","S2501","Population","2019","2019","1000 No","1970.46","X","Figure from international organizations"
"FBS","Food Balances (2010-)","328","Guyana","511","Total Population - Both sexes","S2501","Population","2018","2018","1000 No","785.51","X","Figure from international organizations"
"FBS","Food Balances (2010-)","328","Guyana","511","Total Population - Both sexes","S2501","Population","2019","2019","1000 No","798.75","X","Figure from international organizations"
"FBS","Food Balances (2010-)","332","Haiti","511","Total Population - Both sexes","S2501","Population","2018","2018","1000 No","11012.42","X","Figure from international organizations"
"FBS","Food Balances (2010-)","332","Haiti","511","Total Population - Both sexes","S2501","Population","2019","2019","1000 No","11160.44","X","Figure from international organizations"
"FBS","Food Balances (2010-)","340","Honduras","511","Total Population - Both sexes","S2501","Population","2018","2018","1000 No","9792.85","X","Figure from international organizations"
"FBS","Food Balances (2010-)","340","Honduras","511","Total Population - Both sexes","S2501","Population","2019","2019","1000 No","9958.83","X","Figure from international organizations"
"FBS","Food Balances (2010-)","348","Hungary","511","Total Population - Both sexes","S2501","Population","2018","2018","1000 No","9776.36","X","Figure from international organizations"
"FBS","Food Balances (2010-)","348","Hungary","511","Total Population - Both sexes","S2501","Population","2019","2019","1000 No","9771.8","X","Figure from international organizations"
"FBS","Food Balances (2010-)","352","Iceland","511","Total Population - Both sexes","S2501","Population","2018","2018","1000 No","352.95","X","Figure from international organizations"
"FBS","Food Balances (2010-)","352","Iceland","511","Total Population - Both sexes","S2501","Population","2019","2019","1000 No","360.77","X","Figure from international organizations"
"FBS","Food Balances (2010-)","356","India","511","Total Population - Both sexes","S2501","Population","2018","2018","1000 No","1369003.31","X","Figure from international organizations"
"FBS","Food Balances (2010-)","356","India","511","Total Population - Both sexes","S2501","Population","2019","2019","1000 No","1383112.05","X","Figure from international organizations"
"FBS","Food Balances (2010-)","360","Indonesia","511","Total Population - Both sexes","S2501","Population","2018","2018","1000 No","267066.84","X","Figure from international organizations"
"FBS","Food Balances (2010-)","360","Indonesia","511","Total Population - Both sexes","S2501","Population","2019","2019","1000 No","269582.88","X","Figure from international organizations"
"FBS","Food Balances (2010-)","364","Iran (Islamic Republic of)","511","Total Population - Both sexes","S2501","Population","2018","2018","1000 No","85617.56","X","Figure from international organizations"
"FBS","Food Balances (2010-)","364","Iran (Islamic Republic of)","511","Total Population - Both sexes","S2501","Population","2019","2019","1000 No","86564.2","X","Figure from international organizations"
"FBS","Food Balances (2010-)","368","Iraq","511","Total Population - Both sexes","S2501","Population","2018","2018","1000 No","34815.43","X","Figure from international organizations"
"FBS","Food Balances (2010-)","368","Iraq","511","Total Population - Both sexes","S2501","Population","2019","2019","1000 No","35649.84","X","Figure from international organizations"
"FBS","Food Balances (2010-)","372","Ireland","511","Total Population - Both sexes","S2501","Population","2018","2018","1000 No","4834.51","X","Figure from international organizations"
"FBS","Food Balances (2010-)","372","Ireland","511","Total Population - Both sexes","S2501","Population","2019","2019","1000 No","4896.02","X","Figure from international organizations"
"FBS","Food Balances (2010-)","376","Israel","511","Total Population - Both sexes","S2501","Population","2018","2018","1000 No","8456.48","X","Figure from international organizations"
"FBS","Food Balances (2010-)","376","Israel","511","Total Population - Both sexes","S2501","Population","2019","2019","1000 No","8607.92","X","Figure from international organizations"
"FBS","Food Balances (2010-)","380","Italy","511","Total Population - Both sexes","S2501","Population","2018","2018","1000 No","59877.43","X","Figure from international organizations"
"FBS","Food Balances (2010-)","380","Italy","511","Total Population - Both sexes","S2501","Population","2019","2019","1000 No","59727.93","X","Figure from international organizations"
"FBS","Food Balances (2010-)","388","Jamaica","511","Total Population - Both sexes","S2501","Population","2018","2018","1000 No","2811.84","X","Figure from international organizations"
"FBS","Food Balances (2010-)","388","Jamaica","511","Total Population - Both sexes","S2501","Population","2019","2019","1000 No","2813.77","X","Figure from international organizations"
"FBS","Food Balances (2010-)","392","Japan","511","Total Population - Both sexes","S2501","Population","2018","2018","1000 No","126255.87","X","Figure from international organizations"
"FBS","Food Balances (2010-)","392","Japan","511","Total Population - Both sexes","S2501","Population","2019","2019","1000 No","125791.68","X","Figure from international organizations"
"FBS","Food Balances (2010-)","400","Jordan","511","Total Population - Both sexes","S2501","Population","2018","2018","1000 No","10459.87","X","Figure from international organizations"
"FBS","Food Balances (2010-)","400","Jordan","511","Total Population - Both sexes","S2501","Population","2019","2019","1000 No","10698.68","X","Figure from international organizations"
"FBS","Food Balances (2010-)","398","Kazakhstan","511","Total Population - Both sexes","S2501","Population","2018","2018","1000 No","18538.1","X","Figure from international organizations"
"FBS","Food Balances (2010-)","398","Kazakhstan","511","Total Population - Both sexes","S2501","Population","2019","2019","1000 No","18754.26","X","Figure from international organizations"
"FBS","Food Balances (2010-)","404","Kenya","511","Total Population - Both sexes","S2501","Population","2018","2018","1000 No","49953.3","X","Figure from international organizations"
"FBS","Food Balances (2010-)","404","Kenya","511","Total Population - Both sexes","S2501","Population","2019","2019","1000 No","50951.45","X","Figure from international organizations"
"FBS","Food Balances (2010-)","296","Kiribati","511","Total Population - Both sexes","S2501","Population","2018","2018","1000 No","122.26","X","Figure from international organizations"
"FBS","Food Balances (2010-)","296","Kiribati","511","Total Population - Both sexes","S2501","Population","2019","2019","1000 No","124.24","X","Figure from international organizations"
"FBS","Food Balances (2010-)","414","Kuwait","511","Total Population - Both sexes","S2501","Population","2018","2018","1000 No","4317.19","X","Figure from international organizations"
"FBS","Food Balances (2010-)","414","Kuwait","511","Total Population - Both sexes","S2501","Population","2019","2019","1000 No","4441.1","X","Figure from international organizations"
"FBS","Food Balances (2010-)","417","Kyrgyzstan","511","Total Population - Both sexes","S2501","Population","2018","2018","1000 No","6223.49","X","Figure from international organizations"
"FBS","Food Balances (2010-)","417","Kyrgyzstan","511","Total Population - Both sexes","S2501","Population","2019","2019","1000 No","6323.64","X","Figure from international organizations"
"FBS","Food Balances (2010-)","418","Lao People's Democratic Republic","511","Total Population - Both sexes","S2501","Population","2018","2018","1000 No","7105.01","X","Figure from international organizations"
"FBS","Food Balances (2010-)","418","Lao People's Democratic Republic","511","Total Population - Both sexes","S2501","Population","2019","2019","1000 No","7212.05","X","Figure from international organizations"
"FBS","Food Balances (2010-)","428","Latvia","511","Total Population - Both sexes","S2501","Population","2018","2018","1000 No","1935.63","X","Figure from international organizations"
"FBS","Food Balances (2010-)","428","Latvia","511","Total Population - Both sexes","S2501","Population","2019","2019","1000 No","1916.56","X","Figure from international organizations"
"FBS","Food Balances (2010-)","422","Lebanon","511","Total Population - Both sexes","S2501","Population","2018","2018","1000 No","5950.84","X","Figure from international organizations"
"FBS","Food Balances (2010-)","422","Lebanon","511","Total Population - Both sexes","S2501","Population","2019","2019","1000 No","5781.91","X","Figure from international organizations"
"FBS","Food Balances (2010-)","426","Lesotho","511","Total Population - Both sexes","S2501","Population","2018","2018","1000 No","2198.02","X","Figure from international organizations"
"FBS","Food Balances (2010-)","426","Lesotho","511","Total Population - Both sexes","S2501","Population","2019","2019","1000 No","2225.7","X","Figure from international organizations"
"FBS","Food Balances (2010-)","430","Liberia","511","Total Population - Both sexes","S2501","Population","2018","2018","1000 No","4889.39","X","Figure from international organizations"
"FBS","Food Balances (2010-)","430","Liberia","511","Total Population - Both sexes","S2501","Population","2019","2019","1000 No","4985.29","X","Figure from international organizations"
"FBS","Food Balances (2010-)","434","Libya","511","Total Population - Both sexes","S2501","Population","2018","2018","1000 No","6477.79","X","Figure from international organizations"
"FBS","Food Balances (2010-)","434","Libya","511","Total Population - Both sexes","S2501","Population","2019","2019","1000 No","6569.09","X","Figure from international organizations"
"FBS","Food Balances (2010-)","440","Lithuania","511","Total Population - Both sexes","S2501","Population","2018","2018","1000 No","2876.13","X","Figure from international organizations"
"FBS","Food Balances (2010-)","440","Lithuania","511","Total Population - Both sexes","S2501","Population","2019","2019","1000 No","2849.08","X","Figure from international organizations"
"FBS","Food Balances (2010-)","442","Luxembourg","511","Total Population - Both sexes","S2501","Population","2018","2018","1000 No","607.91","X","Figure from international organizations"
"FBS","Food Balances (2010-)","442","Luxembourg","511","Total Population - Both sexes","S2501","Population","2019","2019","1000 No","619.97","X","Figure from international organizations"
"FBS","Food Balances (2010-)","450","Madagascar","511","Total Population - Both sexes","S2501","Population","2018","2018","1000 No","26846.54","X","Figure from international organizations"
"FBS","Food Balances (2010-)","450","Madagascar","511","Total Population - Both sexes","S2501","Population","2019","2019","1000 No","27533.13","X","Figure from international organizations"
"FBS","Food Balances (2010-)","454","Malawi","511","Total Population - Both sexes","S2501","Population","2018","2018","1000 No","18367.88","X","Figure from international organizations"
"FBS","Food Balances (2010-)","454","Malawi","511","Total Population - Both sexes","S2501","Population","2019","2019","1000 No","18867.34","X","Figure from international organizations"
"FBS","Food Balances (2010-)","458","Malaysia","511","Total Population - Both sexes","S2501","Population","2018","2018","1000 No","32399.27","X","Figure from international organizations"
"FBS","Food Balances (2010-)","458","Malaysia","511","Total Population - Both sexes","S2501","Population","2019","2019","1000 No","32804.02","X","Figure from international organizations"
"FBS","Food Balances (2010-)","462","Maldives","511","Total Population - Both sexes","S2501","Population","2018","2018","1000 No","489.76","X","Figure from international organizations"
"FBS","Food Balances (2010-)","462","Maldives","511","Total Population - Both sexes","S2501","Population","2019","2019","1000 No","504.51","X","Figure from international organizations"
"FBS","Food Balances (2010-)","466","Mali","511","Total Population - Both sexes","S2501","Population","2018","2018","1000 No","19934.3","X","Figure from international organizations"
"FBS","Food Balances (2010-)","466","Mali","511","Total Population - Both sexes","S2501","Population","2019","2019","1000 No","20567.42","X","Figure from international organizations"
"FBS","Food Balances (2010-)","470","Malta","511","Total Population - Both sexes","S2501","Population","2018","2018","1000 No","491.59","X","Figure from international organizations"
"FBS","Food Balances (2010-)","470","Malta","511","Total Population - Both sexes","S2501","Population","2019","2019","1000 No","503.63","X","Figure from international organizations"
"FBS","Food Balances (2010-)","478","Mauritania","511","Total Population - Both sexes","S2501","Population","2018","2018","1000 No","4270.71","X","Figure from international organizations"
"FBS","Food Balances (2010-)","478","Mauritania","511","Total Population - Both sexes","S2501","Population","2019","2019","1000 No","4383.85","X","Figure from international organizations"
"FBS","Food Balances (2010-)","480","Mauritius","511","Total Population - Both sexes","S2501","Population","2018","2018","1000 No","1295.38","X","Figure from international organizations"
"FBS","Food Balances (2010-)","480","Mauritius","511","Total Population - Both sexes","S2501","Population","2019","2019","1000 No","1296.28","X","Figure from international organizations"
"FBS","Food Balances (2010-)","484","Mexico","511","Total Population - Both sexes","S2501","Population","2018","2018","1000 No","124013.86","X","Figure from international organizations"
"FBS","Food Balances (2010-)","484","Mexico","511","Total Population - Both sexes","S2501","Population","2019","2019","1000 No","125085.31","X","Figure from international organizations"
"FBS","Food Balances (2010-)","583","Micronesia (Federated States of)","511","Total Population - Both sexes","S2501","Population","2019","2019","1000 No","111.38","X","Figure from international organizations"
"FBS","Food Balances (2010-)","496","Mongolia","511","Total Population - Both sexes","S2501","Population","2018","2018","1000 No","3163.99","X","Figure from international organizations"
"FBS","Food Balances (2010-)","496","Mongolia","511","Total Population - Both sexes","S2501","Population","2019","2019","1000 No","3232.43","X","Figure from international organizations"
"FBS","Food Balances (2010-)","499","Montenegro","511","Total Population - Both sexes","S2501","Population","2018","2018","1000 No","631.46","X","Figure from international organizations"
"FBS","Food Balances (2010-)","499","Montenegro","511","Total Population - Both sexes","S2501","Population","2019","2019","1000 No","630.4","X","Figure from international organizations"
"FBS","Food Balances (2010-)","504","Morocco","511","Total Population - Both sexes","S2501","Population","2018","2018","1000 No","35927.51","X","Figure from international organizations"
"FBS","Food Balances (2010-)","504","Morocco","511","Total Population - Both sexes","S2501","Population","2019","2019","1000 No","36304.41","X","Figure from international organizations"
"FBS","Food Balances (2010-)","508","Mozambique","511","Total Population - Both sexes","S2501","Population","2018","2018","1000 No","29423.88","X","Figure from international organizations"
"FBS","Food Balances (2010-)","508","Mozambique","511","Total Population - Both sexes","S2501","Population","2019","2019","1000 No","30285.6","X","Figure from international organizations"
"FBS","Food Balances (2010-)","104","Myanmar","511","Total Population - Both sexes","S2501","Population","2018","2018","1000 No","52666.01","X","Figure from international organizations"
"FBS","Food Balances (2010-)","104","Myanmar","511","Total Population - Both sexes","S2501","Population","2019","2019","1000 No","53040.21","X","Figure from international organizations"
"FBS","Food Balances (2010-)","516","Namibia","511","Total Population - Both sexes","S2501","Population","2018","2018","1000 No","2405.68","X","Figure from international organizations"
"FBS","Food Balances (2010-)","516","Namibia","511","Total Population - Both sexes","S2501","Population","2019","2019","1000 No","2446.64","X","Figure from international organizations"
"FBS","Food Balances (2010-)","520","Nauru","511","Total Population - Both sexes","S2501","Population","2019","2019","1000 No","12.13","X","Figure from international organizations"
"FBS","Food Balances (2010-)","524","Nepal","511","Total Population - Both sexes","S2501","Population","2018","2018","1000 No","28506.71","X","Figure from international organizations"
"FBS","Food Balances (2010-)","524","Nepal","511","Total Population - Both sexes","S2501","Population","2019","2019","1000 No","28832.5","X","Figure from international organizations"
"FBS","Food Balances (2010-)","528","Netherlands (Kingdom of the)","511","Total Population - Both sexes","S2501","Population","2018","2018","1000 No","17286.04","X","Figure from international organizations"
"FBS","Food Balances (2010-)","528","Netherlands (Kingdom of the)","511","Total Population - Both sexes","S2501","Population","2019","2019","1000 No","17363.26","X","Figure from international organizations"
"FBS","Food Balances (2010-)","540","New Caledonia","511","Total Population - Both sexes","S2501","Population","2018","2018","1000 No","284.88","X","Figure from international organizations"
"FBS","Food Balances (2010-)","540","New Caledonia","511","Total Population - Both sexes","S2501","Population","2019","2019","1000 No","285.37","X","Figure from international organizations"
"FBS","Food Balances (2010-)","554","New Zealand","511","Total Population - Both sexes","S2501","Population","2018","2018","1000 No","4838.53","X","Figure from international organizations"
"FBS","Food Balances (2010-)","554","New Zealand","511","Total Population - Both sexes","S2501","Population","2019","2019","1000 No","4959.03","X","Figure from international organizations"
"FBS","Food Balances (2010-)","558","Nicaragua","511","Total Population - Both sexes","S2501","Population","2018","2018","1000 No","6572.23","X","Figure from international organizations"
"FBS","Food Balances (2010-)","558","Nicaragua","511","Total Population - Both sexes","S2501","Population","2019","2019","1000 No","6663.92","X","Figure from international organizations"
"FBS","Food Balances (2010-)","562","Niger","511","Total Population - Both sexes","S2501","Population","2018","2018","1000 No","22577.06","X","Figure from international organizations"
"FBS","Food Balances (2010-)","562","Niger","511","Total Population - Both sexes","S2501","Population","2019","2019","1000 No","23443.39","X","Figure from international organizations"
"FBS","Food Balances (2010-)","566","Nigeria","511","Total Population - Both sexes","S2501","Population","2018","2018","1000 No","198387.62","X","Figure from international organizations"
"FBS","Food Balances (2010-)","566","Nigeria","511","Total Population - Both sexes","S2501","Population","2019","2019","1000 No","203304.49","X","Figure from international organizations"
"FBS","Food Balances (2010-)","807","North Macedonia","511","Total Population - Both sexes","S2501","Population","2018","2018","1000 No","2113.49","X","Figure from international organizations"
"FBS","Food Balances (2010-)","807","North Macedonia","511","Total Population - Both sexes","S2501","Population","2019","2019","1000 No","2114.18","X","Figure from international organizations"
"FBS","Food Balances (2010-)","578","Norway","511","Total Population - Both sexes","S2501","Population","2018","2018","1000 No","5312.32","X","Figure from international organizations"
"FBS","Food Balances (2010-)","578","Norway","511","Total Population - Both sexes","S2501","Population","2019","2019","1000 No","5348.28","X","Figure from international organizations"
"FBS","Food Balances (2010-)","512","Oman","511","Total Population - Both sexes","S2501","Population","2018","2018","1000 No","4601.16","X","Figure from international organizations"
"FBS","Food Balances (2010-)","512","Oman","511","Total Population - Both sexes","S2501","Population","2019","2019","1000 No","4602.77","X","Figure from international organizations"
"FBS","Food Balances (2010-)","586","Pakistan","511","Total Population - Both sexes","S2501","Population","2018","2018","1000 No","219731.48","X","Figure from international organizations"
"FBS","Food Balances (2010-)","586","Pakistan","511","Total Population - Both sexes","S2501","Population","2019","2019","1000 No","223293.28","X","Figure from international organizations"
"FBS","Food Balances (2010-)","591","Panama","511","Total Population - Both sexes","S2501","Population","2018","2018","1000 No","4165.26","X","Figure from international organizations"
"FBS","Food Balances (2010-)","591","Panama","511","Total Population - Both sexes","S2501","Population","2019","2019","1000 No","4232.53","X","Figure from international organizations"
"FBS","Food Balances (2010-)","598","Papua New Guinea","511","Total Population - Both sexes","S2501","Population","2018","2018","1000 No","9329.23","X","Figure from international organizations"
"FBS","Food Balances (2010-)","598","Papua New Guinea","511","Total Population - Both sexes","S2501","Population","2019","2019","1000 No","9542.49","X","Figure from international organizations"
"FBS","Food Balances (2010-)","600","Paraguay","511","Total Population - Both sexes","S2501","Population","2018","2018","1000 No","6443.33","X","Figure from international organizations"
"FBS","Food Balances (2010-)","600","Paraguay","511","Total Population - Both sexes","S2501","Population","2019","2019","1000 No","6530.03","X","Figure from international organizations"
"FBS","Food Balances (2010-)","604","Peru","511","Total Population - Both sexes","S2501","Population","2018","2018","1000 No","32203.94","X","Figure from international organizations"
"FBS","Food Balances (2010-)","604","Peru","511","Total Population - Both sexes","S2501","Population","2019","2019","1000 No","32824.86","X","Figure from international organizations"
"FBS","Food Balances (2010-)","608","Philippines","511","Total Population - Both sexes","S2501","Population","2018","2018","1000 No","108568.84","X","Figure from international organizations"
"FBS","Food Balances (2010-)","608","Philippines","511","Total Population - Both sexes","S2501","Population","2019","2019","1000 No","110380.8","X","Figure from international organizations"
"FBS","Food Balances (2010-)","616","Poland","511","Total Population - Both sexes","S2501","Population","2018","2018","1000 No","38521.46","X","Figure from international organizations"
"FBS","Food Balances (2010-)","616","Poland","511","Total Population - Both sexes","S2501","Population","2019","2019","1000 No","38493.6","X","Figure from international organizations"
"FBS","Food Balances (2010-)","620","Portugal","511","Total Population - Both sexes","S2501","Population","2018","2018","1000 No","10289.83","X","Figure from international organizations"
"FBS","Food Balances (2010-)","620","Portugal","511","Total Population - Both sexes","S2501","Population","2019","2019","1000 No","10289.92","X","Figure from international organizations"
"FBS","Food Balances (2010-)","634","Qatar","511","Total Population - Both sexes","S2501","Population","2019","2019","1000 No","2807.24","X","Figure from international organizations"
"FBS","Food Balances (2010-)","410","Republic of Korea","511","Total Population - Both sexes","S2501","Population","2018","2018","1000 No","51676.9","X","Figure from international organizations"
"FBS","Food Balances (2010-)","410","Republic of Korea","511","Total Population - Both sexes","S2501","Population","2019","2019","1000 No","51803.83","X","Figure from international organizations"
"FBS","Food Balances (2010-)","498","Republic of Moldova","511","Total Population - Both sexes","S2501","Population","2018","2018","1000 No","2641.84","X","Figure from international organizations"
"FBS","Food Balances (2010-)","498","Republic of Moldova","511","Total Population - Both sexes","S2501","Population","2019","2019","1000 No","2609.49","X","Figure from international organizations"
"FBS","Food Balances (2010-)","642","Romania","511","Total Population - Both sexes","S2501","Population","2018","2018","1000 No","19606.78","X","Figure from international organizations"
"FBS","Food Balances (2010-)","642","Romania","511","Total Population - Both sexes","S2501","Population","2019","2019","1000 No","19524.21","X","Figure from international organizations"
"FBS","Food Balances (2010-)","643","Russian Federation","511","Total Population - Both sexes","S2501","Population","2018","2018","1000 No","145652.29","X","Figure from international organizations"
"FBS","Food Balances (2010-)","643","Russian Federation","511","Total Population - Both sexes","S2501","Population","2019","2019","1000 No","145742.29","X","Figure from international organizations"
"FBS","Food Balances (2010-)","646","Rwanda","511","Total Population - Both sexes","S2501","Population","2018","2018","1000 No","12531.81","X","Figure from international organizations"
"FBS","Food Balances (2010-)","646","Rwanda","511","Total Population - Both sexes","S2501","Population","2019","2019","1000 No","12835.03","X","Figure from international organizations"
"FBS","Food Balances (2010-)","659","Saint Kitts and Nevis","511","Total Population - Both sexes","S2501","Population","2018","2018","1000 No","47.76","X","Figure from international organizations"
"FBS","Food Balances (2010-)","659","Saint Kitts and Nevis","511","Total Population - Both sexes","S2501","Population","2019","2019","1000 No","47.71","X","Figure from international organizations"
"FBS","Food Balances (2010-)","662","Saint Lucia","511","Total Population - Both sexes","S2501","Population","2018","2018","1000 No","177.89","X","Figure from international organizations"
"FBS","Food Balances (2010-)","662","Saint Lucia","511","Total Population - Both sexes","S2501","Population","2019","2019","1000 No","178.58","X","Figure from international organizations"
"FBS","Food Balances (2010-)","670","Saint Vincent and the Grenadines","511","Total Population - Both sexes","S2501","Population","2018","2018","1000 No","105.28","X","Figure from international organizations"
"FBS","Food Balances (2010-)","670","Saint Vincent and the Grenadines","511","Total Population - Both sexes","S2501","Population","2019","2019","1000 No","104.92","X","Figure from international organizations"
"FBS","Food Balances (2010-)","882","Samoa","511","Total Population - Both sexes","S2501","Population","2018","2018","1000 No","209.7","X","Figure from international organizations"
"FBS","Food Balances (2010-)","882","Samoa","511","Total Population - Both sexes","S2501","Population","2019","2019","1000 No","211.91","X","Figure from international organizations"
"FBS","Food Balances (2010-)","678","Sao Tome and Principe","511","Total Population - Both sexes","S2501","Population","2018","2018","1000 No","211.34","X","Figure from international organizations"
"FBS","Food Balances (2010-)","678","Sao Tome and Principe","511","Total Population - Both sexes","S2501","Population","2019","2019","1000 No","214.6","X","Figure from international organizations"
"FBS","Food Balances (2010-)","682","Saudi Arabia","511","Total Population - Both sexes","S2501","Population","2018","2018","1000 No","35018.13","X","Figure from international organizations"
"FBS","Food Balances (2010-)","682","Saudi Arabia","511","Total Population - Both sexes","S2501","Population","2019","2019","1000 No","35827.36","X","Figure from international organizations"
"FBS","Food Balances (2010-)","686","Senegal","511","Total Population - Both sexes","S2501","Population","2018","2018","1000 No","15574.91","X","Figure from international organizations"
"FBS","Food Balances (2010-)","686","Senegal","511","Total Population - Both sexes","S2501","Population","2019","2019","1000 No","16000.78","X","Figure from international organizations"
"FBS","Food Balances (2010-)","688","Serbia","511","Total Population - Both sexes","S2501","Population","2018","2018","1000 No","7433.82","X","Figure from international organizations"
"FBS","Food Balances (2010-)","688","Serbia","511","Total Population - Both sexes","S2501","Population","2019","2019","1000 No","7401.06","X","Figure from international organizations"
"FBS","Food Balances (2010-)","690","Seychelles","511","Total Population - Both sexes","S2501","Population","2018","2018","1000 No","103.1","X","Figure from international organizations"
"FBS","Food Balances (2010-)","690","Seychelles","511","Total Population - Both sexes","S2501","Population","2019","2019","1000 No","104.37","X","Figure from international organizations"
"FBS","Food Balances (2010-)","694","Sierra Leone","511","Total Population - Both sexes","S2501","Population","2018","2018","1000 No","7861.28","X","Figure from international organizations"
"FBS","Food Balances (2010-)","694","Sierra Leone","511","Total Population - Both sexes","S2501","Population","2019","2019","1000 No","8046.83","X","Figure from international organizations"
"FBS","Food Balances (2010-)","703","Slovakia","511","Total Population - Both sexes","S2501","Population","2018","2018","1000 No","5446.75","X","Figure from international organizations"
"FBS","Food Balances (2010-)","703","Slovakia","511","Total Population - Both sexes","S2501","Population","2019","2019","1000 No","5453.92","X","Figure from international organizations"
"FBS","Food Balances (2010-)","705","Slovenia","511","Total Population - Both sexes","S2501","Population","2018","2018","1000 No","2105.92","X","Figure from international organizations"
"FBS","Food Balances (2010-)","705","Slovenia","511","Total Population - Both sexes","S2501","Population","2019","2019","1000 No","2112.9","X","Figure from international organizations"
"FBS","Food Balances (2010-)","090","Solomon Islands","511","Total Population - Both sexes","S2501","Population","2018","2018","1000 No","659.25","X","Figure from international organizations"
"FBS","Food Balances (2010-)","090","Solomon Islands","511","Total Population - Both sexes","S2501","Population","2019","2019","1000 No","674.99","X","Figure from international organizations"
"FBS","Food Balances (2010-)","710","South Africa","511","Total Population - Both sexes","S2501","Population","2018","2018","1000 No","57339.64","X","Figure from international organizations"
"FBS","Food Balances (2010-)","710","South Africa","511","Total Population - Both sexes","S2501","Population","2019","2019","1000 No","58087.06","X","Figure from international organizations"
"FBS","Food Balances (2010-)","728","South Sudan","511","Total Population - Both sexes","S2501","Population","2019","2019","1000 No","10447.67","X","Figure from international organizations"
"FBS","Food Balances (2010-)","724","Spain","511","Total Population - Both sexes","S2501","Population","2018","2018","1000 No","46792.04","X","Figure from international organizations"
"FBS","Food Balances (2010-)","724","Spain","511","Total Population - Both sexes","S2501","Population","2019","2019","1000 No","47131.37","X","Figure from international organizations"
"FBS","Food Balances (2010-)","144","Sri Lanka","511","Total Population - Both sexes","S2501","Population","2018","2018","1000 No","21580.71","X","Figure from international organizations"
"FBS","Food Balances (2010-)","144","Sri Lanka","511","Total Population - Both sexes","S2501","Population","2019","2019","1000 No","21649.66","X","Figure from international organizations"
"FBS","Food Balances (2010-)","729","Sudan","511","Total Population - Both sexes","S2501","Population","2018","2018","1000 No","41999.06","X","Figure from international organizations"
"FBS","Food Balances (2010-)","729","Sudan","511","Total Population - Both sexes","S2501","Population","2019","2019","1000 No","43232.09","X","Figure from international organizations"
"FBS","Food Balances (2010-)","740","Suriname","511","Total Population - Both sexes","S2501","Population","2018","2018","1000 No","593.72","X","Figure from international organizations"
"FBS","Food Balances (2010-)","740","Suriname","511","Total Population - Both sexes","S2501","Population","2019","2019","1000 No","600.3","X","Figure from international organizations"
"FBS","Food Balances (2010-)","752","Sweden","511","Total Population - Both sexes","S2501","Population","2018","2018","1000 No","10162.3","X","Figure from international organizations"
"FBS","Food Balances (2010-)","752","Sweden","511","Total Population - Both sexes","S2501","Population","2019","2019","1000 No","10267.92","X","Figure from international organizations"
"FBS","Food Balances (2010-)","756","Switzerland","511","Total Population - Both sexes","S2501","Population","2018","2018","1000 No","8514.43","X","Figure from international organizations"
"FBS","Food Balances (2010-)","756","Switzerland","511","Total Population - Both sexes","S2501","Population","2019","2019","1000 No","8575.59","X","Figure from international organizations"
"FBS","Food Balances (2010-)","760","Syrian Arab Republic","511","Total Population - Both sexes","S2501","Population","2018","2018","1000 No","19333.46","X","Figure from international organizations"
"FBS","Food Balances (2010-)","760","Syrian Arab Republic","511","Total Population - Both sexes","S2501","Population","2019","2019","1000 No","20098.25","X","Figure from international organizations"
"FBS","Food Balances (2010-)","762","Tajikistan","511","Total Population - Both sexes","S2501","Population","2018","2018","1000 No","9128.13","X","Figure from international organizations"
"FBS","Food Balances (2010-)","762","Tajikistan","511","Total Population - Both sexes","S2501","Population","2019","2019","1000 No","9337","X","Figure from international organizations"
"FBS","Food Balances (2010-)","764","Thailand","511","Total Population - Both sexes","S2501","Population","2018","2018","1000 No","71127.8","X","Figure from international organizations"
"FBS","Food Balances (2010-)","764","Thailand","511","Total Population - Both sexes","S2501","Population","2019","2019","1000 No","71307.76","X","Figure from international organizations"
"FBS","Food Balances (2010-)","626","Timor-Leste","511","Total Population - Both sexes","S2501","Population","2018","2018","1000 No","1261.85","X","Figure from international organizations"
"FBS","Food Balances (2010-)","626","Timor-Leste","511","Total Population - Both sexes","S2501","Population","2019","2019","1000 No","1280.44","X","Figure from international organizations"
"FBS","Food Balances (2010-)","768","Togo","511","Total Population - Both sexes","S2501","Population","2018","2018","1000 No","8046.68","X","Figure from international organizations"
"FBS","Food Balances (2010-)","768","Togo","511","Total Population - Both sexes","S2501","Population","2019","2019","1000 No","8243.09","X","Figure from international organizations"
"FBS","Food Balances (2010-)","780","Trinidad and Tobago","511","Total Population - Both sexes","S2501","Population","2018","2018","1000 No","1504.71","X","Figure from international organizations"
"FBS","Food Balances (2010-)","780","Trinidad and Tobago","511","Total Population - Both sexes","S2501","Population","2019","2019","1000 No","1519.95","X","Figure from international organizations"
"FBS","Food Balances (2010-)","788","Tunisia","511","Total Population - Both sexes","S2501","Population","2018","2018","1000 No","11933.04","X","Figure from international organizations"
"FBS","Food Balances (2010-)","788","Tunisia","511","Total Population - Both sexes","S2501","Population","2019","2019","1000 No","12049.31","X","Figure from international organizations"
"FBS","Food Balances (2010-)","792","Türkiye","511","Total Population - Both sexes","S2501","Population","2018","2018","1000 No","82809.3","X","Figure from international organizations"
"FBS","Food Balances (2010-)","792","Türkiye","511","Total Population - Both sexes","S2501","Population","2019","2019","1000 No","83481.68","X","Figure from international organizations"
"FBS","Food Balances (2010-)","795","Turkmenistan","511","Total Population - Both sexes","S2501","Population","2018","2018","1000 No","6065.07","X","Figure from international organizations"
"FBS","Food Balances (2010-)","795","Turkmenistan","511","Total Population - Both sexes","S2501","Population","2019","2019","1000 No","6158.42","X","Figure from international organizations"
"FBS","Food Balances (2010-)","800","Uganda","511","Total Population - Both sexes","S2501","Population","2018","2018","1000 No","41515.39","X","Figure from international organizations"
"FBS","Food Balances (2010-)","800","Uganda","511","Total Population - Both sexes","S2501","Population","2019","2019","1000 No","42949.08","X","Figure from international organizations"
"FBS","Food Balances (2010-)","804","Ukraine","511","Total Population - Both sexes","S2501","Population","2018","2018","1000 No","44446.95","X","Figure from international organizations"
"FBS","Food Balances (2010-)","804","Ukraine","511","Total Population - Both sexes","S2501","Population","2019","2019","1000 No","44211.1","X","Figure from international organizations"
"FBS","Food Balances (2010-)","784","United Arab Emirates","511","Total Population - Both sexes","S2501","Population","2018","2018","1000 No","9140.17","X","Figure from international organizations"
"FBS","Food Balances (2010-)","784","United Arab Emirates","511","Total Population - Both sexes","S2501","Population","2019","2019","1000 No","9211.66","X","Figure from international organizations"
"FBS","Food Balances (2010-)","826","United Kingdom of Great Britain and Northern Ireland","511","Total Population - Both sexes","S2501","Population","2018","2018","1000 No","66432.99","X","Figure from international organizations"
"FBS","Food Balances (2010-)","826","United Kingdom of Great Britain and Northern Ireland","511","Total Population - Both sexes","S2501","Population","2019","2019","1000 No","66778.66","X","Figure from international organizations"
"FBS","Food Balances (2010-)","834","United Republic of Tanzania","511","Total Population - Both sexes","S2501","Population","2018","2018","1000 No","58090.44","X","Figure from international organizations"
"FBS","Food Balances (2010-)","834","United Republic of Tanzania","511","Total Population - Both sexes","S2501","Population","2019","2019","1000 No","59872.58","X","Figure from international organizations"
"FBS","Food Balances (2010-)","840","United States of America","511","Total Population - Both sexes","S2501","Population","2018","2018","1000 No","332140.04","X","Figure from international organizations"
"FBS","Food Balances (2010-)","840","United States of America","511","Total Population - Both sexes","S2501","Population","2019","2019","1000 No","334319.67","X","Figure from international organizations"
"FBS","Food Balances (2010-)","858","Uruguay","511","Total Population - Both sexes","S2501","Population","2018","2018","1000 No","3427.04","X","Figure from international organizations"
"FBS","Food Balances (2010-)","858","Uruguay","511","Total Population - Both sexes","S2501","Population","2019","2019","1000 No","3428.41","X","Figure from international organizations"
"FBS","Food Balances (2010-)","860","Uzbekistan","511","Total Population - Both sexes","S2501","Population","2018","2018","1000 No","32449.58","X","Figure from international organizations"
"FBS","Food Balances (2010-)","860","Uzbekistan","511","Total Population - Both sexes","S2501","Population","2019","2019","1000 No","32976.95","X","Figure from international organizations"
"FBS","Food Balances (2010-)","548","Vanuatu","511","Total Population - Both sexes","S2501","Population","2018","2018","1000 No","297.3","X","Figure from international organizations"
"FBS","Food Balances (2010-)","548","Vanuatu","511","Total Population - Both sexes","S2501","Population","2019","2019","1000 No","304.4","X","Figure from international organizations"
"FBS","Food Balances (2010-)","862","Venezuela (Bolivarian Republic of)","511","Total Population - Both sexes","S2501","Population","2018","2018","1000 No","29825.65","X","Figure from international organizations"
"FBS","Food Balances (2010-)","862","Venezuela (Bolivarian Republic of)","511","Total Population - Both sexes","S2501","Population","2019","2019","1000 No","28971.68","X","Figure from international organizations"
"FBS","Food Balances (2010-)","704","Viet Nam","511","Total Population - Both sexes","S2501","Population","2018","2018","1000 No","94914.33","X","Figure from international organizations"
"FBS","Food Balances (2010-)","704","Viet Nam","511","Total Population - Both sexes","S2501","Population","2019","2019","1000 No","95776.72","X","Figure from international organizations"
"FBS","Food Balances (2010-)","887","Yemen","511","Total Population - Both sexes","S2501","Population","2018","2018","1000 No","30790.51","X","Figure from international organizations"
"FBS","Food Balances (2010-)","887","Yemen","511","Total Population - Both sexes","S2501","Population","2019","2019","1000 No","31546.69","X","Figure from international organizations"
"FBS","Food Balances (2010-)","894","Zambia","511","Total Population - Both sexes","S2501","Population","2018","2018","1000 No","17835.89","X","Figure from international organizations"
"FBS","Food Balances (2010-)","894","Zambia","511","Total Population - Both sexes","S2501","Population","2019","2019","1000 No","18380.48","X","Figure from international organizations"
"FBS","Food Balances (2010-)","716","Zimbabwe","511","Total Population - Both sexes","S2501","Population","2018","2018","1000 No","15052.18","X","Figure from international organizations"
"FBS","Food Balances (2010-)","716","Zimbabwe","511","Total Population - Both sexes","S2501","Population","2019","2019","1000 No","15354.61","X","Figure from international organizations"
